condition,instrument,judge,prompt_v,auc,ci_lo,ci_hi,tpr_at_5fpr,false_alarm_clean,n,family
prompt_only,,judgeA,text,0.9504132231404958,0.8388429752066116,1.0,0.36363636363636365,0.45454545454545453,22,
prompt_only,,judgeA,text,0.875,0.57578125,1.0,,,8,bug
prompt_only,,judgeA,text,0.98,0.8200000000000001,1.0,,,10,false_premise
prompt_only,,judgeA,text,1.0,1.0,1.0,,,4,injection
prompt_only,,judgeB,text,0.9628099173553719,0.8760330578512396,1.0,0.18181818181818182,0.09090909090909091,22,
prompt_only,,judgeB,text,0.90625,0.625,1.0,,,8,bug
prompt_only,,judgeB,text,1.0,1.0,1.0,,,10,false_premise
prompt_only,,judgeB,text,1.0,1.0,1.0,,,4,injection
reconstruction,jlens,judgeA->judgeB,text,0.6239669421487604,0.45867768595041325,0.8140495867768595,0.0,0.5454545454545454,22,
reconstruction,jlens,judgeA->judgeB,text,0.5625,0.23359375000000002,0.875,,,8,bug
reconstruction,jlens,judgeA->judgeB,text,0.7999999999999999,0.52,1.0,,,10,false_premise
reconstruction,jlens,judgeA->judgeB,text,0.25,0.0,0.5,,,4,injection
reconstruction,jlens,judgeB->judgeA,text,0.4693877551020408,0.25510204081632654,0.6632653061224489,0.2857142857142857,0.5714285714285714,14,
reconstruction,jlens,judgeB->judgeA,text,0.5625,0.25,1.0,,,8,bug
reconstruction,jlens,judgeB->judgeA,text,0.0,0.0,0.0,,,2,false_premise
reconstruction,jlens,judgeB->judgeA,text,0.5,0.5,0.5,,,4,injection
reconstruction,logit,judgeA->judgeB,text,0.6636363636363637,0.5413223140495868,0.7829166666666665,0.0,0.9,21,
reconstruction,logit,judgeA->judgeB,text,0.75,0.5,1.0,,,7,bug
reconstruction,logit,judgeA->judgeB,text,0.6799999999999999,0.5,0.8400000000000001,,,10,false_premise
reconstruction,logit,judgeA->judgeB,text,0.5,0.5,0.5,,,4,injection
reconstruction,logit,judgeB->judgeA,text,0.4545454545454546,0.30165289256198347,0.6322314049586777,0.0,0.6363636363636364,22,
reconstruction,logit,judgeB->judgeA,text,0.3125,0.0,0.625,,,8,bug
reconstruction,logit,judgeB->judgeA,text,0.46,0.18,0.8,,,10,false_premise
reconstruction,logit,judgeB->judgeA,text,0.5,0.0,1.0,,,4,injection
reconstruction,rlens,judgeA->judgeB,text,0.43388429752066116,0.2768595041322314,0.5785123966942148,0.0,0.9090909090909091,22,
reconstruction,rlens,judgeA->judgeB,text,0.625,0.5,0.875,,,8,bug
reconstruction,rlens,judgeA->judgeB,text,0.27999999999999997,0.0,0.4800000000000001,,,10,false_premise
reconstruction,rlens,judgeA->judgeB,text,0.5,0.5,0.5,,,4,injection
reconstruction,rlens,judgeB->judgeA,text,0.32954545454545453,0.10227272727272727,0.5181818181818181,0.09090909090909091,0.875,19,
reconstruction,rlens,judgeB->judgeA,text,0.5625,0.21875,0.75,,,6,bug
reconstruction,rlens,judgeB->judgeA,text,0.15000000000000002,0.0,0.38812499999999944,,,9,false_premise
reconstruction,rlens,judgeB->judgeA,text,0.0,0.0,0.0,,,4,injection
scan,jlens,judgeA,v1,0.706611570247934,0.4709710743801652,0.9175619834710741,0.18181818181818182,0.36363636363636365,22,
scan,jlens,judgeA,v1,0.65625,0.25,1.0,,,8,bug
scan,jlens,judgeA,v1,0.6799999999999999,0.28,1.0,,,10,false_premise
scan,jlens,judgeA,v1,0.875,0.5,1.0,,,4,injection
scan,jlens,judgeA,v2,0.6611570247933884,0.49989669421487604,0.8265495867768594,0.09090909090909091,0.2727272727272727,22,
scan,jlens,judgeA,v2,0.8125,0.5,1.0,,,8,bug
scan,jlens,judgeA,v2,0.54,0.26,0.8,,,10,false_premise
scan,jlens,judgeA,v2,0.875,0.5,1.0,,,4,injection
scan,jlens,judgeB,v1,0.6404958677685951,0.5370867768595041,0.7975206611570249,0.0,0.45454545454545453,22,
scan,jlens,judgeB,v1,0.5625,0.5,0.78125,,,8,bug
scan,jlens,judgeB,v1,0.8200000000000001,0.6799999999999999,1.0,,,10,false_premise
scan,jlens,judgeB,v1,0.5,0.5,0.5,,,4,injection
scan,jlens,judgeB,v2,0.5702479338842975,0.41735537190082644,0.7107438016528925,0.0,0.5454545454545454,22,
scan,jlens,judgeB,v2,0.59375,0.5,0.8304687499999979,,,8,bug
scan,jlens,judgeB,v2,0.64,0.3,0.9,,,10,false_premise
scan,jlens,judgeB,v2,0.25,0.0,0.5,,,4,injection
scan,logit,judgeA,v1,0.8057851239669421,0.6899793388429751,0.9256198347107438,0.36363636363636365,0.2727272727272727,22,
scan,logit,judgeA,v1,0.8125,0.53125,1.0,,,8,bug
scan,logit,judgeA,v1,0.78,0.6,1.0,,,10,false_premise
scan,logit,judgeA,v1,1.0,1.0,1.0,,,4,injection
scan,logit,judgeA,v2,0.8125,0.75,1.0,0.5,0.5,8,
scan,logit,judgeA,v2,1.0,1.0,1.0,,,2,bug
scan,logit,judgeA,v2,1.0,1.0,1.0,,,2,false_premise
scan,logit,judgeA,v2,1.0,1.0,1.0,,,4,injection
scan,logit,judgeB,v1,0.8181818181818182,0.5702479338842975,1.0,0.7272727272727273,0.0,22,
scan,logit,judgeB,v1,1.0,1.0,1.0,,,8,bug
scan,logit,judgeB,v1,0.8400000000000001,0.46,1.0,,,10,false_premise
scan,logit,judgeB,v1,0.5,0.0,1.0,,,4,injection
scan,logit,judgeB,v2,0.5,0.125,0.875,0.0,0.0,8,
scan,logit,judgeB,v2,0.0,0.0,0.0,,,2,bug
scan,logit,judgeB,v2,1.0,1.0,1.0,,,2,false_premise
scan,logit,judgeB,v2,0.5,0.5,0.5,,,4,injection
scan,rlens,judgeA,v1,0.6900826446280991,0.5289256198347108,0.8553719008264462,0.18181818181818182,0.5454545454545454,22,
scan,rlens,judgeA,v1,0.5625,0.25,0.875,,,8,bug
scan,rlens,judgeA,v1,0.8,0.6,1.0,,,10,false_premise
scan,rlens,judgeA,v1,0.875,0.5,1.0,,,4,injection
scan,rlens,judgeA,v2,0.6875,0.34375,1.0,0.25,0.5,8,
scan,rlens,judgeA,v2,0.0,0.0,0.0,,,2,bug
scan,rlens,judgeA,v2,0.5,0.5,0.5,,,2,false_premise
scan,rlens,judgeA,v2,1.0,1.0,1.0,,,4,injection
scan,rlens,judgeB,v1,0.7148760330578513,0.5950413223140496,0.855681818181818,0.0,0.5454545454545454,22,
scan,rlens,judgeB,v1,0.75,0.5,1.0,,,8,bug
scan,rlens,judgeB,v1,0.9,0.7,1.0,,,10,false_premise
scan,rlens,judgeB,v1,0.625,0.5,1.0,,,4,injection
scan,rlens,judgeB,v2,0.625,0.5,0.875,0.0,0.25,8,
scan,rlens,judgeB,v2,1.0,1.0,1.0,,,2,bug
scan,rlens,judgeB,v2,0.5,0.5,0.5,,,2,false_premise
scan,rlens,judgeB,v2,0.5,0.5,0.5,,,4,injection
scan_permuted,jlens,judgeA,v1,0.7892561983471075,0.628099173553719,0.9256198347107438,0.2727272727272727,0.2727272727272727,22,
scan_permuted,jlens,judgeA,v1,0.625,0.5,0.875,,,8,bug
scan_permuted,jlens,judgeA,v1,0.76,0.5,0.9400000000000001,,,10,false_premise
scan_permuted,jlens,judgeA,v1,1.0,1.0,1.0,,,4,injection
scan_permuted,jlens,judgeA,v2,0.652892561983471,0.5123966942148761,0.8016528925619835,0.18181818181818182,0.36363636363636365,22,
scan_permuted,jlens,judgeA,v2,0.625,0.5,0.875,,,8,bug
scan_permuted,jlens,judgeA,v2,0.5800000000000001,0.27999999999999997,0.8600000000000001,,,10,false_premise
scan_permuted,jlens,judgeA,v2,1.0,1.0,1.0,,,4,injection
scan_permuted,jlens,judgeB,v1,0.7479338842975206,0.6279958677685951,0.9008264462809917,0.0,0.36363636363636365,22,
scan_permuted,jlens,judgeB,v1,0.6875,0.5,0.90625,,,8,bug
scan_permuted,jlens,judgeB,v1,0.8600000000000001,0.6399999999999999,1.0,,,10,false_premise
scan_permuted,jlens,judgeB,v1,0.75,0.5,1.0,,,4,injection
scan_permuted,jlens,judgeB,v2,0.5454545454545454,0.2727272727272727,0.8384469696969696,0.0,0.5,21,
scan_permuted,jlens,judgeB,v2,0.41666666666666663,0.0,1.0,,,7,bug
scan_permuted,jlens,judgeB,v2,0.7000000000000001,0.5,0.9400000000000001,,,10,false_premise
scan_permuted,jlens,judgeB,v2,0.5,0.0,1.0,,,4,injection
scan_permuted,logit,judgeA,v1,0.8181818181818182,0.628099173553719,0.9504132231404959,0.09090909090909091,0.2727272727272727,22,
scan_permuted,logit,judgeA,v1,0.875,0.625,1.0,,,8,bug
scan_permuted,logit,judgeA,v1,0.88,0.6799999999999999,1.0,,,10,false_premise
scan_permuted,logit,judgeA,v1,0.625,0.0,1.0,,,4,injection
scan_permuted,logit,judgeA,v2,0.625,0.5,0.875,0.25,0.75,8,
scan_permuted,logit,judgeA,v2,0.5,0.5,0.5,,,2,bug
scan_permuted,logit,judgeA,v2,0.5,0.5,0.5,,,2,false_premise
scan_permuted,logit,judgeA,v2,0.875,0.5,1.0,,,4,injection
scan_permuted,logit,judgeB,v1,0.5826446280991736,0.43388429752066116,0.7479338842975206,0.0,0.36363636363636365,22,
scan_permuted,logit,judgeB,v1,0.75,0.57578125,1.0,,,8,bug
scan_permuted,logit,judgeB,v1,0.5399999999999999,0.2895,0.76,,,10,false_premise
scan_permuted,logit,judgeB,v1,0.25,0.0,0.5,,,4,injection
scan_permuted,logit,judgeB,v2,0.75,0.5,1.0,0.0,0.0,8,
scan_permuted,logit,judgeB,v2,1.0,1.0,1.0,,,2,bug
scan_permuted,logit,judgeB,v2,0.5,0.5,0.5,,,2,false_premise
scan_permuted,logit,judgeB,v2,0.75,0.5,1.0,,,4,injection
scan_permuted,rlens,judgeA,v1,0.768595041322314,0.5578512396694215,0.9338842975206612,0.0,0.45454545454545453,22,
scan_permuted,rlens,judgeA,v1,0.875,0.625,1.0,,,8,bug
scan_permuted,rlens,judgeA,v1,0.5,0.2,0.8,,,10,false_premise
scan_permuted,rlens,judgeA,v1,1.0,1.0,1.0,,,4,injection
scan_permuted,rlens,judgeA,v2,0.6875,0.5,1.0,0.5,0.75,8,
scan_permuted,rlens,judgeA,v2,0.5,0.5,0.5,,,2,bug
scan_permuted,rlens,judgeA,v2,0.5,0.5,0.5,,,2,false_premise
scan_permuted,rlens,judgeA,v2,1.0,1.0,1.0,,,4,injection
scan_permuted,rlens,judgeB,v1,0.5950413223140496,0.5,0.7272727272727273,0.0,0.7272727272727273,22,
scan_permuted,rlens,judgeB,v1,0.5,0.5,0.5,,,8,bug
scan_permuted,rlens,judgeB,v1,0.62,0.5,0.86,,,10,false_premise
scan_permuted,rlens,judgeB,v1,0.75,0.5,1.0,,,4,injection
scan_permuted,rlens,judgeB,v2,0.4375,0.21875,0.5,0.0,0.5,8,
scan_permuted,rlens,judgeB,v2,0.5,0.5,0.5,,,2,bug
scan_permuted,rlens,judgeB,v2,0.0,0.0,0.0,,,2,false_premise
scan_permuted,rlens,judgeB,v2,0.5,0.5,0.5,,,4,injection
